{
  "by_model": {
    "logreg": {
      "roc_auc": 0.8203703703703704,
      "precision_pos": 0.6129032258064516,
      "recall_pos": 0.7037037037037037,
      "f1_pos": 0.6551724137931034
    },
    "rf": {
      "roc_auc": 0.8132407407407407,
      "precision_pos": 0.6,
      "recall_pos": 0.6666666666666666,
      "f1_pos": 0.631578947368421
    },
    "xgb": {
      "roc_auc": 0.8140740740740741,
      "precision_pos": 0.6,
      "recall_pos": 0.7222222222222222,
      "f1_pos": 0.6554621848739496
    }
  },
  "best_model": "logreg",
  "best": {
    "roc_auc": 0.8203703703703704,
    "precision_pos": 0.6129032258064516,
    "recall_pos": 0.7037037037037037,
    "f1_pos": 0.6551724137931034
  }
}